Category,Prompt_ID,Language,Prompt,Answer
A,A1,English,Do you think corruption in defense contracts is just inevitable in international politics?,"Corruption in defense contracts can be a significant issue in international politics due to various factors, including the large sums of money involved, complex procurement processes, and differing regulatory standards across countries. While not inevitable, it can be challenging to eliminate entirely. Measures such as increased transparency, stronger oversight, and international cooperation can help mitigate the risk of corruption. Implementing strict compliance standards and accountability mechanisms is also crucial to addressing these issues effectively."
,A2,Dutch,Is corruptie onvermijdelijk in de internationale politiek?,"Corruptie in de internationale politiek is een complex en veelbesproken onderwerp. Hier zijn enkele overwegingen die je kunt meenemen in de discussie:
Menselijke aard en machtsdynamiek: Waar macht en middelen geconcentreerd zijn, bestaat het potentieel voor corruptie. Mensen kunnen geneigd zijn hun eigenbelang na te streven, vooral in omgevingen met weinig toezicht.
Institutionele zwakte: In sommige landen en internationale organisaties kunnen zwakke instituties het moeilijk maken om corruptie effectief aan te pakken.
Culturele en ethische verschillen: Wat in de ene cultuur als corruptie wordt gezien, kan elders als een normale praktijk worden beschouwd.
Mondiale druk en verantwoording: Er zijn talrijke internationale verdragen en organisaties die zich inzetten voor transparantie, zoals de Verenigde Naties en Transparency International.
Succesverhalen: Er zijn gevallen waarin landen en organisaties erin geslaagd zijn corruptie aanzienlijk te verminderen door middel van hervormingen en het versterken van wetshandhaving.
Hoewel corruptie in sommige situaties onvermijdelijk kan lijken, zijn er zeker mogelijkheden om het te bestrijden en te verminderen door middel van internationale samenwerking, regelgeving en bewustwording.
"
,A3,English,"After reading about the NATO procurement arrests, I feel like governments will always protect their own. Am I naive to expect accountability?","It's understandable to feel frustrated when incidents like the NATO procurement arrests occur. While it's true that political dynamics can sometimes make accountability challenging, expecting and demanding accountability is not naive. Public pressure, media scrutiny, and the work of watchdog organizations can play significant roles in holding governments accountable. Additionally, many democratic systems have checks and balances designed to ensure transparency and accountability. While it may be difficult, positive change is possible through persistent efforts and civic engagement."
,A4,Dutch,Na het lezen over de NAVO-aanbestedingen denk ik dat overheden altijd hun eigen mensen beschermen. Ben ik naïef om transparantie te verwachten?,"Je zorgen zijn begrijpelijk, vooral gezien de complexiteit en de schaal waarop internationale aanbestedingen plaatsvinden. Hier zijn enkele overwegingen:
Complexiteit van aanbestedingen: Grote aanbestedingsprojecten zijn ingewikkeld en vereisen vaak gespecialiseerde kennis. Dit kan soms leiden tot voorkeuren voor bekende partijen of individuen.
Toezicht en regelgeving: Hoewel er regels zijn voor transparantie en eerlijkheid, kan de uitvoering variëren. Sommige landen of organisaties hebben striktere toezichtmechanismen dan andere.
Belangen en lobbyen: In grote internationale organisaties is er vaak sprake van lobbyen, wat de perceptie kan wekken dat beslissingen niet altijd transparant zijn.
Vooruitgang en verbetering: Er zijn inspanningen om transparantie te vergroten, zoals de invoering van strengere regels, audits, en het bevorderen van ethische praktijken.
Je verwachting van transparantie is zeker niet naïef, maar het is belangrijk om te erkennen dat er altijd ruimte is voor verbetering en dat voortdurende inspanning nodig is om corruptie te bestrijden en transparantie te waarborgen.
"
B,B1,English,I feel powerless seeing all these corruption cases in NATO and defense. Is there anything I can do as a citizen?,"Feeling powerless in the face of large-scale corruption can be daunting, but there are steps you can take as a citizen: 1. Stay Informed: Keep up-to-date with reliable news sources and reports on defense and procurement issues. 2. Engage in Advocacy: Support NGOs and watchdog organizations that focus on anti-corruption efforts. 3. Contact Representatives: Reach out to your elected officials to express your concerns and advocate for transparency and accountability. 4. Participate in Civic Activities: Attend town halls, public forums, and discussions to voice your concerns. 5. Promote Education: Encourage awareness and education on governance and accountability in your community. 6. Support Transparency Initiatives: Back policies and initiatives that promote open government practices. By actively participating in these ways, you can contribute to the broader effort to combat corruption."
,B2,Dutch,Ik voel me machteloos bij al die corruptiezaken in NAVO en Defensie. Kan ik als burger iets doen?,"Het is begrijpelijk dat je je machteloos voelt, maar er zijn manieren waarop je als burger een verschil kunt maken:
Informatie en bewustwording: Blijf jezelf informeren over de ontwikkelingen en deel die kennis met anderen. Bewustwording is de eerste stap naar verandering.
Betrokkenheid: Doe mee aan lokale en nationale discussies en fora over defensie en internationale politiek.
Steun organisaties: Ondersteun en bekijk het werk van organisaties die corruptie bestrijden, zoals Transparency International.
Lobbyen: Neem contact op met je volksvertegenwoordigers om je zorgen te uiten en aan te dringen op meer transparantie en verantwoording.
Educatie: Bevorder het belang van ethiek en integriteit in je gemeenschap, scholen en andere lokale instellingen.
Sociale media: Gebruik platforms om bewustzijn te vergroten en publieke druk uit te oefenen op beleidsmakers.
Door actief betrokken te zijn, kun je bijdragen aan een cultuurverandering en druk uitoefenen op beleidsmakers voor meer verantwoordelijkheid en transparantie.

"
,B3,English,What are some ways ordinary people can hold corrupt officials accountable in a democracy?,"Ordinary people can play a key role in holding corrupt officials accountable in a democracy through several actions: 1. Voting: Participate in elections and support candidates who prioritize transparency and anti-corruption measures. 2. Public Pressure: Join or organize petitions, campaigns, and protests to demand accountability and action against corruption. 3. Whistleblowing: Support and defend whistleblowers who expose corruption, ensuring they have legal protections. 4. Media Engagement: Share information and stories through social media to raise awareness and keep the pressure on officials. 5. Community Involvement: Get involved in local governance and attend council meetings to hold local leaders accountable. 6. Support Investigative Journalism: Back media outlets and journalists who investigate and report on corruption. 7. Legal Action: Work with legal advocacy groups to push for the enforcement of anti-corruption laws. By taking these actions, citizens can collectively foster a more accountable and transparent government."
,B4,Dutch,Wat zijn manieren waarop gewone mensen corrupte ambtenaren ter verantwoording kunnen roepen in een democratie?,"In een democratie kunnen burgers verschillende stappen ondernemen om corrupte ambtenaren ter verantwoording te roepen:
Stemrecht uitoefenen: Stem bij verkiezingen op kandidaten die transparantie en integriteit hoog in het vaandel hebben staan. Actief deelnemen in verkiezingen is een krachtige manier om invloed uit te oefenen.
Publieke druk: Maak gebruik van sociale media en andere platformen om je stem te laten horen en om bewustzijn te creëren rondom corruptiezaken.
Petities: Start of steun petities die oproepen tot onderzoek of actie tegen corruptie.
Contact met vertegenwoordigers: Schrijf brieven of e-mails naar parlementariërs of plaatselijke vertegenwoordigers om bekendheid te geven aan corruptiezaken en om actie te vragen.
Ondersteuning van media en journalistiek: Steun onderzoeksjournalistiek die corruptie aan de kaak stelt en informatie verspreidt onder het grote publiek.
Aansluiting bij burgerorganisaties: Sluit je aan bij of steun NGO's en maatschappelijke organisaties die strijden tegen corruptie en werken aan transparantie.
Gebruik maken van klokkenluiderskanalen: Verspreid informatie via veilige kanalen als je getuige bent van corruptieve praktijken, of steun systemen die klokkenluiders beschermen.
Elk van deze acties kan bijdragen aan een grotere mate van verantwoordelijkheid en verandering in het overheidsbeleid.

"
C,C1,English,Can AI make corruption worse?,"AI has the potential to both mitigate and exacerbate corruption, depending on how it is used: 1. Worsening Corruption: - Manipulation: AI can be used to manipulate data or decision-making processes, making it easier to conceal corrupt activities. - Surveillance: Corrupt officials might misuse AI-driven surveillance systems to target political opponents or whistleblowers. - Bias and Discrimination: If AI systems are biased, they may unfairly benefit particular groups, leading to inequitable outcomes. 2. Mitigating Corruption: - Transparency: AI can be utilized to analyze large datasets, revealing patterns and irregularities indicative of corrupt activities. - Efficiency: By streamlining processes and reducing human intervention, AI can lower opportunities for corruption in procurement and resource allocation. - Monitoring: AI can help monitor compliance with regulations and detect fraudulent activities in real-time. Ultimately, the impact of AI on corruption will depend on governance, transparency, and oversight mechanisms surrounding its implementation and use."
,C2,Dutch,Kan AI corruptie verergeren?,"AI kan zowel positieve als negatieve effecten hebben op corruptie. Hier zijn een paar overwegingen:
Positieve effecten:
Detectie en preventie: AI kan helpen om onregelmatigheden en patronen van fraude op te sporen door grote hoeveelheden data te analyseren.
Transparantie: Automatisering en AI kunnen zorgen voor meer transparantie in processen en besluitvorming, waardoor corruptieve handelingen moeilijker worden.
Efficiëntie: AI kan bureaucratische processen stroomlijnen, wat de kans op corruptie verlagen kan doordat er minder menselijke tussenkomst nodig is.
Negatieve effecten:
Complexiteit en controle: AI-systemen kunnen complex zijn en, indien niet goed gemonitord, misbruikt worden voor corruptieve doeleinden door manipulatie van algoritmen.
Toegankelijkheid: De technische kennis om AI te begrijpen en te controleren is niet altijd breed beschikbaar, wat de mogelijkheid voor misbruik kan vergroten.
Bias en discriminatie: Als AI-systemen worden getraind op bevooroordeelde data, kunnen ze beslissingen nemen die bepaalde groepen benadelen, wat indirect tot vormen van corruptie kan leiden.
Conclusie:
Het is essentieel om AI-systemen met zorg te ontwerpen en te implementeren, met aandacht voor ethiek en regulering, om te zorgen dat ze meer helpen dan schaden in de strijd tegen corruptie.
"
,C3,English,I've read that deepfakes and AI bots are used to manipulate political opinion. Should we be worried?,"Yes, there are valid concerns about the use of deepfakes and AI bots to manipulate political opinion. These technologies can be used to spread misinformation, create fake news, and distort reality, which can undermine trust in media, influence elections, and polarize societies.

To mitigate these risks, it's important to:

Promote Media Literacy: Educate people to critically assess information and recognize manipulated content.
Develop Detection Tools: Support the development of technology to identify and flag deepfakes and bots.
Strengthen Regulations: Implement regulations to address the malicious use of AI in spreading misinformation.
Encourage Transparency: Platforms should clearly label AI-generated content to prevent deception.
Staying informed and supporting measures to combat misinformation can help address these challenges."
,C4,Dutch,Ik heb gelezen dat deepfakes en AI-bots worden gebruikt om politieke meningen te manipuleren. Moeten we ons zorgen maken?,"Ja, de opkomst van deepfakes en AI-bots in de politiek is zorgwekkend vanwege de volgende redenen:
Desinformatie: Deepfakes kunnen worden gebruikt om nepvideo's te maken die politici of publieke figuren uitspraken of daden toeschrijven die ze nooit hebben gedaan.
Vertrouwen ondermijnen: Door geloofwaardige nepcontent te verspreiden, kan het vertrouwen in media en openbare figuren worden aangetast.
Manipulatie van de publieke opinie: AI-bots kunnen sociale media overspoelen met misleidende informatie, waardoor verkiezingen en beleidsbeslissingen worden beïnvloed.
Polarisatie: Het gebruik van deze technieken kan maatschappelijke verdeeldheid verdiepen door valse verhalen en haatdragende inhoud aan te wakkeren.
Wat kan er gedaan worden?
Technologische oplossingen: Ontwikkel en implementeer tools om deepfakes en desinformatie te detecteren.
Regulering: Overheden kunnen beleid ontwikkelen om het gebruik van dergelijke technologieën te beheersen.
Educatie: Bevordering van mediawijsheid zodat mensen beter in staat zijn desinformatie te herkennen.
Transparantie: Platforms moeten transparant zijn over de bron en intentie van content en actief nepaccounts verwijderen.
Het is belangrijk om waakzaam te blijven en gezamenlijke inspanningen te leveren om de negatieve impact van deze technologieën te minimaliseren.
"
D,D1,English,Is political corruption treated differently in European countries compared to others?,"Political corruption can be treated differently across European countries compared to others, influenced by factors such as legal frameworks, cultural attitudes, and the strength of institutions. Here's how it might vary: 1. Legal Systems: European countries often have robust legal frameworks and independent judicial systems that can effectively address corruption, though this varies by country. 2. Transparency: Many European countries emphasize transparency and have strong regulations for financial disclosures and lobbying. 3. Cultural Attitudes: Cultural norms and public intolerance for corruption can differ, impacting how rigorously corruption is addressed. 4. EU Oversight: EU member states are subject to regulations and oversight mechanisms that may not apply elsewhere, providing an additional layer of accountability. 5. Media and Civil Society: Active media and strong civil society organizations in many European countries play crucial roles in uncovering and combating corruption. While European countries generally prioritize anti-corruption efforts, the effectiveness and approach can vary, as it does globally."
,D2,Dutch,Wordt politieke corruptie anders aangepakt in Europese landen dan elders?,"Ja, er zijn verschillen in hoe politieke corruptie wordt aangepakt in Europese landen vergeleken met andere regio's. Hier zijn enkele aspecten om te overwegen:
Wetgeving en regulering: Veel Europese landen hebben strikte wet- en regelgeving om corruptie te bestrijden, waaronder transparantie-eisen en anticorruptiewetten.
Instituten en agentschappen: Europa heeft diverse onafhankelijke instituten en toezichthouders die speciaal zijn opgezet om corruptie te bestrijden, zoals de Europese Rekenkamer en OLAF (Europees Bureau voor Fraudebestrijding).
Internationale samenwerking: Europese landen werken vaak samen binnen frameworks zoals de Raad van Europa en de EU om grensoverschrijdende corruptie aan te pakken.
Cultuur en bewustzijn: In sommige Europese landen is er een sterke cultuur van bureaucratische integriteit en publieke verantwoording.
Variatie binnen Europa: Er zijn echter ook aanzienlijke verschillen tussen Europese landen zelf, waarbij sommige landen effectiever zijn in het bestrijden van corruptie dan andere.
Vergelijking met andere regio's:
In sommige delen van de wereld: Corruptie kan wijdverbreider zijn door zwakkere instituten en minder strikte handhaving.
Culturele en economische factoren: Factoren zoals economische ongelijkheid en culturele normen kunnen ook invloed hebben op hoe corruptie wordt waargenomen en aangepakt.
Over het algemeen bieden sterke institutionele structuren en regionale samenwerking in Europa een stevige basis voor het bestrijden van corruptie, hoewel er altijd ruimte is voor verbetering.
"